720.900,39,4715.045,674.077,0.482,4715.459,672.258,0.422,4714.526,676.353,0.404,4.200,25.946,0.283,394,2,-
720.910,39,4715.102,673.824,0.483,4715.516,672.005,0.423,4714.584,676.100,0.406,4.200,25.944,0.493,394,2,-
720.920,39,4715.160,673.571,0.484,4715.574,671.752,0.424,4714.642,675.847,0.407,4.200,25.942,1.367,394,2,-
720.930,39,4715.217,673.318,0.485,4715.632,671.499,0.424,4714.699,675.594,0.408,4.200,25.940,2.810,394,2,-
720.940,39,4715.275,673.065,0.485,4715.690,671.246,0.425,4714.757,675.341,0.409,4.200,25.938,3.075,394,2,-
720.950,39,4715.333,672.812,0.486,4715.747,670.993,0.425,4714.815,675.088,0.410,4.200,25.936,1.761,394,2,-
720.960,39,4715.390,672.559,0.486,4715.805,670.740,0.424,4714.873,674.835,0.412,4.200,25.934,1.202,394,2,-
720.970,39,4715.448,672.306,0.486,4715.863,670.487,0.423,4714.931,674.583,0.413,4.200,25.933,1.853,394,2,-
720.980,39,4715.505,672.053,0.486,4715.921,670.235,0.421,4714.989,674.330,0.415,4.200,25.932,1.408,394,2,-
720.990,39,4715.563,671.800,0.485,4715.979,669.982,0.420,4715.046,674.077,0.417,4.200,25.930,0.782,394,2,-
721.000,39,4715.621,671.548,0.485,4716.037,669.729,0.418,4715.104,673.824,0.419,4.200,25.929,1.185,394,2,-
721.010,39,4715.679,671.295,0.485,4716.096,669.477,0.415,4715.161,673.572,0.421,4.200,25.927,1.062,394,2,-
721.020,39,4715.737,671.042,0.485,4716.154,669.224,0.413,4715.218,673.319,0.423,4.200,25.926,1.690,394,2,-
721.030,39,4715.795,670.790,0.485,4716.213,668.972,0.412,4715.275,673.066,0.426,4.200,25.925,2.787,394,2,-
721.040,39,4715.853,670.537,0.485,4716.272,668.720,0.410,4715.332,672.813,0.428,4.200,25.925,2.388,394,2,-
721.050,39,4715.911,670.284,0.485,4716.332,668.467,0.409,4715.389,672.560,0.430,4.200,25.925,1.926,394,2,-
721.060,39,4715.970,670.032,0.485,4716.392,668.215,0.408,4715.446,672.307,0.432,4.200,25.926,2.193,394,2,-
721.070,39,4716.029,669.779,0.486,4716.452,667.963,0.408,4715.503,672.054,0.433,4.200,25.928,2.613,394,2,-
721.080,39,4716.088,669.527,0.486,4716.512,667.711,0.408,4715.560,671.801,0.434,4.200,25.930,1.854,394,2,-
721.090,39,4716.147,669.274,0.487,4716.573,667.459,0.408,4715.617,671.548,0.435,4.200,25.932,1.638,394,2,-
721.100,39,4716.206,669.022,0.488,4716.634,667.207,0.409,4715.674,671.295,0.435,4.200,25.934,1.461,394,2,-
721.110,39,4716.266,668.769,0.488,4716.696,666.955,0.410,4715.731,671.042,0.435,4.200,25.936,1.229,394,2,-
721.120,39,4716.325,668.517,0.489,4716.757,666.703,0.412,4715.788,670.789,0.434,4.200,25.938,1.699,394,2,-
721.130,39,4716.385,668.265,0.489,4716.818,666.451,0.413,4715.845,670.536,0.432,4.200,25.939,2.289,394,2,-
721.140,39,4716.445,668.012,0.489,4716.880,666.199,0.415,4715.902,670.283,0.430,4.200,25.940,1.325,394,2,-
721.150,39,4716.504,667.760,0.489,4716.941,665.947,0.417,4715.960,670.030,0.428,4.200,25.941,1.046,394,2,-
721.160,39,4716.564,667.507,0.489,4717.003,665.694,0.419,4716.017,669.777,0.425,4.200,25.940,2.153,394,2,-
721.170,39,4716.624,667.255,0.489,4717.064,665.442,0.421,4716.075,669.524,0.422,4.200,25.939,2.312,394,2,-
721.180,39,4716.684,667.003,0.488,4717.126,665.190,0.423,4716.133,669.271,0.418,4.200,25.938,1.302,394,2,-
721.190,39,4716.744,666.750,0.487,4717.187,664.938,0.424,4716.192,669.018,0.415,4.200,25.937,1.269,394,2,-
721.200,39,4716.804,666.498,0.487,4717.247,664.686,0.425,4716.250,668.766,0.411,4.200,25.936,1.837,394,2,-
721.210,39,4716.863,666.245,0.486,4717.308,664.434,0.426,4716.309,668.513,0.408,4.200,25.934,1.027,394,2,-
721.220,39,4716.923,665.993,0.485,4717.368,664.181,0.427,4716.368,668.260,0.404,4.200,25.934,0.476,394,2,-
721.230,39,4716.983,665.741,0.483,4717.428,663.929,0.428,4716.427,668.008,0.401,4.200,25.934,0.311,394,2,-
721.240,39,4717.043,665.488,0.482,4717.488,663.677,0.427,4716.487,667.755,0.399,4.200,25.934,0.471,394,2,-
721.250,39,4717.102,665.236,0.481,4717.548,663.424,0.427,4716.547,667.503,0.396,4.200,25.934,0.773,394,2,-
721.260,39,4717.162,664.984,0.480,4717.607,663.172,0.427,4716.607,667.251,0.394,4.200,25.936,1.612,394,2,-
721.270,39,4717.222,664.731,0.479,4717.666,662.919,0.426,4716.668,666.999,0.393,4.200,25.937,1.098,394,2,-
721.280,39,4717.281,664.479,0.479,4717.724,662.666,0.425,4716.728,666.746,0.392,4.200,25.939,0.986,394,2,-
721.290,39,4717.341,664.226,0.478,4717.782,662.414,0.424,4716.789,666.494,0.392,4.200,25.940,2.097,394,2,-
721.300,39,4717.400,663.974,0.477,4717.840,662.161,0.423,4716.850,666.242,0.392,4.200,25.942,2.288,394,2,-
721.310,39,4717.459,663.721,0.477,4717.898,661.908,0.421,4716.911,665.990,0.393,4.200,25.943,1.234,394,2,-
721.320,39,4717.519,663.469,0.477,4717.955,661.655,0.420,4716.973,665.738,0.395,4.200,25.944,1.199,394,2,-
721.330,39,4717.578,663.216,0.477,4718.012,661.402,0.418,4717.034,665.486,0.397,4.200,25.944,2.082,394,2,-
721.340,39,4717.637,662.963,0.476,4718.069,661.149,0.416,4717.095,665.234,0.399,4.200,25.945,2.042,394,2,-
721.350,39,4717.695,662.711,0.477,4718.126,660.895,0.414,4717.157,664.982,0.401,4.200,25.945,1.525,394,2,-
721.360,39,4717.754,662.458,0.477,4718.182,660.642,0.412,4717.218,664.730,0.404,4.200,25.944,1.784,394,2,-
721.370,39,4717.813,662.205,0.477,4718.238,660.389,0.410,4717.280,664.478,0.407,4.200,25.943,2.419,394,2,-
721.380,39,4717.871,661.952,0.477,4718.294,660.136,0.408,4717.341,664.226,0.409,4.200,25.942,2.318,394,2,-
721.390,39,4717.929,661.700,0.477,4718.349,659.882,0.406,4717.402,663.974,0.412,4.200,25.941,2.572,394,2,-
721.400,39,4717.987,661.447,0.477,4718.404,659.629,0.404,4717.464,663.722,0.414,4.200,25.939,2.849,394,2,-
721.410,39,4718.044,661.194,0.477,4718.458,659.375,0.403,4717.525,663.470,0.416,4.200,25.937,3.290,394,2,-
721.420,39,4718.101,660.941,0.477,4718.512,659.121,0.401,4717.586,663.218,0.418,4.200,25.935,3.218,394,2,-
721.430,39,4718.158,660.688,0.477,4718.566,658.868,0.399,4717.647,662.966,0.419,4.200,25.932,3.391,394,2,-
721.440,39,4718.215,660.435,0.476,4718.618,658.614,0.398,4717.709,662.714,0.420,4.200,25.929,3.830,394,2,-
721.450,39,4718.271,660.181,0.476,4718.671,658.360,0.398,4717.770,662.462,0.421,4.200,25.926,4.186,394,2,-
721.460,39,4718.327,659.928,0.476,4718.722,658.106,0.397,4717.831,662.210,0.421,4.200,25.924,3.953,394,2,-
721.470,39,4718.382,659.675,0.475,4718.773,657.852,0.396,4717.892,661.958,0.420,4.200,25.922,4.053,394,2,-
721.480,39,4718.437,659.422,0.475,4718.823,657.597,0.396,4717.953,661.706,0.419,4.200,25.920,4.583,394,2,-
721.490,39,4718.492,659.168,0.474,4718.873,657.343,0.397,4718.013,661.454,0.418,4.200,25.919,4.846,394,2,-
721.500,39,4718.546,658.915,0.474,4718.922,657.088,0.397,4718.074,661.202,0.416,4.200,25.920,4.467,394,2,-
721.510,39,4718.599,658.661,0.473,4718.970,656.833,0.397,4718.134,660.949,0.414,4.200,25.921,4.514,394,2,-
721.520,39,4718.653,658.408,0.472,4719.018,656.579,0.398,4718.194,660.697,0.411,4.200,25.923,4.979,394,2,-
721.530,39,4718.705,658.154,0.472,4719.065,656.324,0.399,4718.254,660.445,0.408,4.200,25.925,4.903,394,2,-
721.540,39,4718.758,657.900,0.471,4719.111,656.068,0.400,4718.313,660.192,0.405,4.200,25.927,4.559,394,2,-
721.550,39,4718.810,657.646,0.471,4719.157,655.813,0.402,4718.372,659.939,0.402,4.200,25.930,4.801,394,2,-
721.560,39,4718.861,657.392,0.470,4719.203,655.558,0.403,4718.431,659.686,0.399,4.200,25.933,5.358,394,2,-
721.570,39,4718.912,657.137,0.470,4719.248,655.302,0.405,4718.488,659.433,0.396,4.200,25.935,5.111,394,2,-
721.580,39,4718.962,656.883,0.469,4719.293,655.047,0.406,4718.546,659.180,0.393,4.200,25.937,4.686,394,2,-
721.590,39,4719.012,656.628,0.469,4719.337,654.791,0.407,4718.602,658.927,0.390,4.200,25.937,4.943,394,2,-
721.600,39,4719.061,656.374,0.468,4719.381,654.536,0.408,4718.658,658.673,0.388,4.200,25.937,5.364,394,2,-
721.610,39,4719.110,656.119,0.468,4719.425,654.280,0.409,4718.713,658.419,0.385,4.200,25.938,5.032,394,2,-
721.620,39,4719.159,655.864,0.467,4719.468,654.024,0.409,4718.768,658.166,0.383,4.200,25.937,5.153,394,2,-
721.630,39,4719.207,655.609,0.466,4719.511,653.769,0.409,4718.822,657.912,0.382,4.200,25.936,5.488,394,2,-
721.640,39,4719.254,655.354,0.466,4719.554,653.513,0.410,4718.875,657.658,0.380,4.200,25.936,5.710,394,2,-
721.650,39,4719.301,655.099,0.465,4719.596,653.257,0.409,4718.927,657.403,0.379,4.200,25.935,5.579,394,2,-
721.660,39,4719.347,654.844,0.465,4719.638,653.001,0.408,4718.978,657.149,0.379,4.200,25.935,5.678,394,2,-
721.670,39,4719.393,654.589,0.464,4719.680,652.745,0.408,4719.029,656.894,0.379,4.200,25.935,5.873,394,2,-
721.680,39,4719.438,654.333,0.464,4719.721,652.489,0.407,4719.078,656.640,0.379,4.200,25.935,6.079,394,2,-
721.690,39,4719.482,654.078,0.463,4719.762,652.233,0.405,4719.128,656.385,0.379,4.200,25.936,6.087,394,2,-
721.700,39,4719.526,653.822,0.463,4719.802,651.977,0.403,4719.176,656.130,0.380,4.200,25.936,6.012,394,2,-
721.710,39,4719.569,653.567,0.463,4719.842,651.721,0.402,4719.224,655.875,0.382,4.200,25.936,6.213,394,2,-
721.720,39,4719.612,653.311,0.462,4719.881,651.465,0.400,4719.271,655.620,0.383,4.200,25.937,6.844,394,2,-
721.730,39,4719.654,653.055,0.462,4719.920,651.208,0.398,4719.317,655.365,0.385,4.200,25.938,6.545,394,2,-
721.740,39,4719.696,652.799,0.462,4719.958,650.952,0.395,4719.363,655.109,0.387,4.200,25.938,6.198,394,2,-
721.750,39,4719.736,652.543,0.461,4719.995,650.695,0.393,4719.408,654.854,0.389,4.200,25.937,6.908,394,2,-
721.760,39,4719.776,652.286,0.461,4720.032,650.439,0.391,4719.452,654.598,0.392,4.200,25.937,7.642,394,2,-
721.770,39,4719.816,652.030,0.461,4720.068,650.182,0.389,4719.496,654.343,0.394,4.200,25.936,7.126,394,2,-
721.780,39,4719.854,651.774,0.461,4720.102,649.925,0.387,4719.540,654.087,0.396,4.200,25.933,6.745,394,2,-
721.790,39,4719.892,651.517,0.461,4720.136,649.668,0.385,4719.583,653.831,0.399,4.200,25.931,7.358,394,2,-
721.800,39,4719.930,651.260,0.461,4720.169,649.411,0.384,4719.625,653.575,0.401,4.200,25.928,7.635,394,2,-
721.810,39,4719.966,651.004,0.461,4720.201,649.154,0.382,4719.668,653.320,0.403,4.200,25.925,6.878,394,2,-
721.820,39,4720.002,650.747,0.461,4720.232,648.896,0.381,4719.709,653.064,0.404,4.200,25.922,6.725,394,2,-
721.830,39,4720.037,650.490,0.461,4720.262,648.639,0.380,4719.751,652.808,0.406,4.200,25.919,7.389,394,2,-
721.840,39,4720.072,650.233,0.461,4720.291,648.381,0.380,4719.792,652.552,0.407,4.200,25.917,7.500,394,2,-
721.850,39,4720.105,649.976,0.461,4720.319,648.124,0.379,4719.833,652.295,0.407,4.200,25.916,6.921,394,2,-
721.860,39,4720.138,649.719,0.461,4720.346,647.866,0.379,4719.874,652.039,0.408,4.200,25.914,6.934,394,2,-
721.870,39,4720.171,649.462,0.462,4720.372,647.608,0.380,4719.914,651.783,0.407,4.200,25.913,7.420,394,2,-
721.880,39,4720.202,649.205,0.462,4720.397,647.350,0.380,4719.953,651.527,0.407,4.200,25.913,7.198,394,2,-
721.890,39,4720.233,648.948,0.462,4720.421,647.092,0.381,4719.993,651.270,0.406,4.200,25.914,6.654,394,2,-
721.900,39,4720.263,648.690,0.462,4720.444,646.834,0.382,4720.032,651.014,0.405,4.200,25.914,6.753,394,2,>
721.910,39,4720.293,648.433,0.462,4720.466,646.576,0.383,4720.070,650.757,0.403,4.200,25.916,7.231,394,2,>
721.920,39,4720.321,648.175,0.461,4720.488,646.318,0.384,4720.109,650.500,0.401,4.200,25.918,7.025,394,2,>
721.930,39,4720.350,647.918,0.461,4720.508,646.059,0.386,4720.146,650.244,0.398,4.200,25.920,6.633,394,2,>
721.940,39,4720.377,647.660,0.461,4720.528,645.801,0.387,4720.183,649.987,0.396,4.200,25.922,7.039,394,2,>
721.950,39,4720.404,647.402,0.461,4720.547,645.542,0.389,4720.220,649.729,0.393,4.200,25.926,7.497,394,2,>
721.960,39,4720.430,647.144,0.460,4720.565,645.284,0.390,4720.256,649.472,0.391,4.200,25.930,7.154,394,2,>
721.970,39,4720.455,646.886,0.460,4720.583,645.025,0.391,4720.291,649.215,0.388,4.200,25.933,7.003,394,2,>
721.980,39,4720.480,646.628,0.459,4720.599,644.766,0.393,4720.325,648.957,0.385,4.200,25.936,7.739,394,2,>
721.990,39,4720.504,646.369,0.459,4720.616,644.507,0.394,4720.358,648.699,0.383,4.200,25.940,8.264,394,2,>
722.000,39,4720.527,646.111,0.459,4720.631,644.248,0.395,4720.390,648.442,0.381,4.200,25.944,7.673,394,2,>
722.010,39,4720.549,645.853,0.458,4720.646,643.990,0.395,4720.421,648.183,0.379,4.200,25.946,7.262,394,2,>
722.020,39,4720.571,645.594,0.458,4720.661,643.731,0.396,4720.452,647.925,0.377,4.200,25.949,7.703,394,2,>
722.030,39,4720.591,645.335,0.457,4720.675,643.472,0.396,4720.481,647.667,0.376,4.200,25.952,7.884,394,2,>
722.040,39,4720.611,645.077,0.457,4720.689,643.213,0.396,4720.509,647.409,0.375,4.200,25.955,7.408,394,2,>
722.050,39,4720.631,644.818,0.457,4720.702,642.953,0.396,4720.535,647.150,0.374,4.200,25.957,7.381,394,2,>
722.060,39,4720.649,644.559,0.457,4720.714,642.694,0.396,4720.561,646.891,0.374,4.200,25.958,7.447,394,2,>
722.070,39,4720.667,644.300,0.456,4720.726,642.435,0.396,4720.586,646.633,0.374,4.200,25.961,7.638,394,2,>
722.080,39,4720.684,644.041,0.456,4720.738,642.176,0.395,4720.610,646.374,0.374,4.200,25.963,7.445,394,2,>
722.090,39,4720.700,643.782,0.456,4720.749,641.917,0.394,4720.633,646.115,0.375,4.200,25.965,7.182,394,2,>
722.100,39,4720.716,643.523,0.456,4720.760,641.657,0.393,4720.654,645.856,0.376,4.200,25.968,7.068,394,2,>
722.110,39,4720.731,643.263,0.456,4720.770,641.398,0.392,4720.675,645.597,0.377,4.200,25.974,7.511,394,2,>
722.120,39,4720.745,643.004,0.456,4720.779,641.139,0.391,4720.696,645.338,0.378,4.200,25.981,7.505,394,2,>
722.130,39,4720.758,642.744,0.456,4720.788,640.879,0.390,4720.715,645.078,0.380,4.200,25.987,7.551,394,2,>
722.140,39,4720.771,642.485,0.456,4720.797,640.619,0.389,4720.733,644.819,0.381,4.200,25.996,8.107,394,2,>
722.150,39,4720.783,642.225,0.456,4720.804,640.360,0.387,4720.751,644.559,0.383,4.200,26.008,8.335,394,2,>
722.160,39,4720.794,641.965,0.456,4720.811,640.100,0.386,4720.767,644.300,0.385,4.200,26.020,7.937,394,2,>
722.170,39,4720.804,641.705,0.456,4720.817,639.840,0.385,4720.783,644.040,0.386,4.200,26.031,7.876,394,2,>
722.180,39,4720.814,641.445,0.456,4720.822,639.580,0.384,4720.798,643.779,0.388,4.200,26.046,8.320,394,2,>
722.190,39,4720.822,641.184,0.456,4720.826,639.319,0.383,4720.812,643.519,0.390,4.200,26.063,8.363,394,2,>
722.200,39,4720.830,640.924,0.457,4720.830,639.059,0.382,4720.826,643.259,0.392,4.200,26.080,7.993,394,2,>
722.210,39,4720.837,640.663,0.457,4720.833,638.798,0.382,4720.838,642.998,0.393,4.200,26.095,7.978,394,2,>
722.220,39,4720.844,640.402,0.457,4720.834,638.537,0.382,4720.850,642.737,0.394,4.200,26.114,8.071,394,2,>
722.230,39,4720.849,640.141,0.458,4720.835,638.276,0.382,4720.862,642.476,0.395,4.200,26.134,7.589,394,2,>
722.240,39,4720.854,639.879,0.458,4720.836,638.015,0.382,4720.872,642.214,0.396,4.200,26.152,7.073,394,2,>
722.250,39,4720.858,639.618,0.459,4720.835,637.753,0.382,4720.882,641.953,0.397,4.200,26.169,7.118,394,2,>
722.260,39,4720.862,639.356,0.459,4720.834,637.491,0.383,4720.892,641.691,0.397,4.200,26.188,7.221,394,2,>
722.270,39,4720.865,639.094,0.460,4720.832,637.229,0.384,4720.900,641.429,0.397,4.200,26.207,6.838,394,2,>
722.280,39,4720.867,638.832,0.460,4720.829,636.967,0.385,4720.908,641.167,0.397,4.200,26.224,6.568,394,2,>
722.290,39,4720.868,638.570,0.461,4720.826,636.705,0.386,4720.916,640.904,0.397,4.200,26.239,6.706,394,2,>
722.300,39,4720.869,638.307,0.461,4720.822,636.443,0.387,4720.923,640.641,0.396,4.200,26.256,6.673,394,2,>
722.310,39,4720.869,638.045,0.461,4720.818,636.180,0.389,4720.929,640.379,0.395,4.200,26.273,6.278,394,2,>
722.320,39,4720.869,637.782,0.461,4720.813,635.917,0.390,4720.934,640.116,0.394,4.200,26.288,6.179,394,2,>
722.330,39,4720.868,637.519,0.461,4720.807,635.654,0.391,4720.939,639.853,0.393,4.200,26.302,6.494,394,2,>
722.340,39,4720.866,637.256,0.462,4720.801,635.392,0.392,4720.943,639.589,0.391,4.200,26.318,6.610,394,2,>
722.350,39,4720.864,636.993,0.462,4720.795,635.128,0.393,4720.946,639.326,0.390,4.200,26.333,6.306,394,2,>
722.360,39,4720.861,636.729,0.462,4720.788,634.865,0.394,4720.949,639.062,0.389,4.200,26.346,6.188,394,2,>
722.370,39,4720.857,636.466,0.461,4720.780,634.602,0.395,4720.950,638.798,0.388,4.200,26.360,6.324,394,2,>
722.380,39,4720.853,636.202,0.461,4720.772,634.338,0.396,4720.951,638.534,0.387,4.200,26.376,6.159,394,2,>
722.390,39,4720.849,635.938,0.461,4720.764,634.075,0.396,4720.951,638.271,0.386,4.200,26.389,5.753,394,2,>
722.400,39,4720.843,635.674,0.461,4720.755,633.811,0.397,4720.950,638.006,0.385,4.200,26.402,5.681,394,2,>
722.410,39,4720.838,635.410,0.461,4720.746,633.547,0.397,4720.948,637.742,0.385,4.200,26.417,5.873,394,2,>
722.420,39,4720.831,635.146,0.461,4720.737,633.283,0.397,4720.945,637.478,0.384,4.200,26.432,5.719,394,2,>
722.430,39,4720.824,634.882,0.461,4720.727,633.019,0.397,4720.942,637.213,0.384,4.200,26.446,5.284,394,2,>
722.440,39,4720.817,634.617,0.462,4720.717,632.755,0.398,4720.937,636.949,0.385,4.200,26.459,5.092,394,2,>
722.450,39,4720.809,634.353,0.462,4720.707,632.490,0.398,4720.932,636.684,0.385,4.200,26.475,5.060,394,2,>
722.460,39,4720.800,634.088,0.462,4720.697,632.226,0.398,4720.926,636.419,0.386,4.200,26.491,4.845,394,2,>
722.470,39,4720.791,633.823,0.462,4720.686,631.961,0.397,4720.920,636.154,0.386,4.200,26.506,4.634,394,2,>
722.480,39,4720.782,633.558,0.463,4720.675,631.696,0.397,4720.912,635.889,0.387,4.200,26.522,4.654,394,2,>
722.490,39,4720.772,633.293,0.463,4720.664,631.431,0.397,4720.904,635.624,0.389,4.200,26.541,4.665,394,2,>
722.500,39,4720.762,633.028,0.463,4720.653,631.166,0.397,4720.896,635.359,0.390,4.200,26.560,4.379,394,2,>
722.510,39,4720.752,632.762,0.464,4720.641,630.900,0.397,4720.887,635.093,0.391,4.200,26.578,4.123,394,2,>
722.520,39,4720.741,632.497,0.464,4720.630,630.635,0.397,4720.877,634.827,0.393,4.200,26.597,4.057,394,2,>
722.530,39,4720.729,632.231,0.465,4720.618,630.369,0.397,4720.866,634.562,0.394,4.200,26.619,3.925,394,2,>
722.540,39,4720.718,631.965,0.465,4720.606,630.103,0.396,4720.856,634.295,0.396,4.200,26.641,3.649,394,2,>
722.550,39,4720.706,631.699,0.466,4720.593,629.837,0.396,4720.844,634.029,0.398,4.200,26.661,3.503,394,2,>
722.560,39,4720.693,631.432,0.467,4720.581,629.570,0.396,4720.832,633.763,0.399,4.200,26.682,3.445,394,2,>
722.570,39,4720.681,631.166,0.467,4720.569,629.304,0.396,4720.820,633.496,0.401,4.200,26.705,3.151,394,2,>
722.580,39,4720.668,630.899,0.468,4720.556,629.037,0.396,4720.807,633.229,0.402,4.200,26.727,2.707,394,2,>
722.590,39,4720.655,630.632,0.469,4720.544,628.770,0.397,4720.794,632.962,0.404,4.200,26.746,2.415,394,2,>
722.600,39,4720.642,630.364,0.470,4720.531,628.503,0.397,4720.780,632.695,0.405,4.200,26.765,2.226,394,2,>
722.610,39,4720.629,630.097,0.470,4720.519,628.235,0.397,4720.767,632.428,0.407,4.200,26.784,1.875,394,2,>
722.620,39,4720.616,629.829,0.471,4720.506,627.967,0.398,4720.752,632.160,0.408,4.200,26.800,1.513,394,2,>
722.630,39,4720.602,629.562,0.472,4720.494,627.700,0.398,4720.738,631.893,0.410,4.200,26.814,1.420,394,2,>
722.640,39,4720.589,629.294,0.473,4720.482,627.432,0.399,4720.723,631.625,0.411,4.200,26.828,1.541,394,2,>
722.650,39,4720.576,629.026,0.474,4720.471,627.164,0.400,4720.708,631.357,0.412,4.200,26.840,1.356,394,2,>
722.660,39,4720.562,628.758,0.475,4720.460,626.895,0.400,4720.692,631.089,0.414,4.200,26.850,1.357,394,2,>
722.670,39,4720.549,628.490,0.475,4720.449,626.627,0.401,4720.677,630.821,0.415,4.200,26.858,1.618,394,2,>
722.680,39,4720.536,628.221,0.476,4720.438,626.359,0.402,4720.661,630.553,0.416,4.200,26.866,1.845,394,2,>
722.690,39,4720.523,627.953,0.477,4720.428,626.090,0.403,4720.645,630.284,0.417,4.200,26.870,1.778,394,2,>
722.700,39,4720.511,627.684,0.478,4720.418,625.822,0.404,4720.629,630.016,0.418,4.200,26.872,1.892,394,2,>
722.710,39,4720.498,627.416,0.479,4720.409,625.553,0.405,4720.613,629.748,0.419,4.200,26.873,2.172,394,2,>
722.720,39,4720.486,627.147,0.480,4720.400,625.284,0.406,4720.597,629.480,0.420,4.200,26.872,2.344,394,2,>
722.730,39,4720.474,626.879,0.481,4720.391,625.016,0.407,4720.581,629.211,0.421,4.200,26.870,2.408,394,2,>
722.740,39,4720.462,626.611,0.482,4720.383,624.747,0.408,4720.565,628.943,0.422,4.200,26.867,2.606,394,2,>
722.750,39,4720.451,626.342,0.483,4720.375,624.479,0.410,4720.549,628.675,0.423,4.200,26.864,2.839,394,2,>
722.760,39,4720.440,626.074,0.484,4720.367,624.210,0.411,4720.534,628.407,0.424,4.200,26.861,3.041,394,2,>
722.770,39,4720.429,625.805,0.485,4720.360,623.942,0.412,4720.518,628.139,0.425,4.200,26.857,3.173,394,2,>
722.780,39,4720.418,625.537,0.486,4720.353,623.673,0.413,4720.503,627.870,0.426,4.200,26.854,3.365,394,2,>
722.790,39,4720.408,625.269,0.487,4720.347,623.405,0.414,4720.488,627.602,0.426,4.200,26.850,3.510,394,2,>
722.800,39,4720.398,625.001,0.487,4720.341,623.136,0.415,4720.473,627.334,0.427,4.200,26.847,3.607,394,2,>
722.810,39,4720.388,624.732,0.488,4720.335,622.868,0.416,4720.459,627.066,0.428,4.200,26.844,3.721,394,2,>
722.820,39,4720.379,624.464,0.489,4720.330,622.599,0.417,4720.444,626.798,0.428,4.200,26.841,3.894,394,2,>
722.830,39,4720.370,624.196,0.489,4720.326,622.331,0.418,4720.430,626.530,0.428,4.200,26.838,4.017,394,2,>
722.840,39,4720.362,623.928,0.490,4720.322,622.063,0.419,4720.416,626.262,0.428,4.200,26.835,4.063,394,2,>
722.850,39,4720.354,623.659,0.490,4720.318,621.794,0.420,4720.403,625.994,0.429,4.200,26.832,4.154,394,2,>
722.860,39,4720.346,623.391,0.491,4720.315,621.526,0.421,4720.390,625.725,0.429,4.200,26.828,4.284,394,2,>
722.870,39,4720.339,623.123,0.491,4720.312,621.258,0.422,4720.377,625.457,0.428,4.200,26.825,4.306,394,2,>
722.880,39,4720.332,622.855,0.491,4720.310,620.990,0.422,4720.365,625.189,0.428,4.200,26.823,4.324,394,2,>
722.890,39,4720.325,622.587,0.492,4720.308,620.721,0.423,4720.353,624.921,0.428,4.200,26.821,4.508,394,2,>
722.900,39,4720.320,622.318,0.492,4720.307,620.453,0.423,4720.341,624.653,0.428,4.200,26.821,4.791,394,2,>
722.910,39,4720.314,622.050,0.492,4720.306,620.185,0.424,4720.330,624.385,0.428,4.200,26.821,4.812,394,2,>
722.920,39,4720.309,621.782,0.492,4720.305,619.917,0.424,4720.320,624.117,0.427,4.200,26.823,4.758,394,2,>
722.930,39,4720.305,621.514,0.492,4720.306,619.649,0.425,4720.310,623.849,0.427,4.200,26.826,4.963,394,2,>
722.940,39,4720.301,621.246,0.492,4720.306,619.380,0.425,4720.300,623.580,0.427,4.200,26.830,5.257,394,2,>
722.950,39,4720.297,620.977,0.492,4720.307,619.112,0.426,4720.291,623.312,0.426,4.200,26.835,5.322,394,2,>
722.960,39,4720.294,620.709,0.492,4720.309,618.844,0.426,4720.283,623.044,0.426,4.200,26.840,5.364,394,2,>
722.970,39,4720.292,620.441,0.493,4720.311,618.575,0.427,4720.275,622.775,0.426,4.200,26.847,5.696,394,2,>
722.980,39,4720.290,620.172,0.493,4720.313,618.307,0.427,4720.267,622.507,0.426,4.200,26.854,5.938,394,2,>
722.990,39,4720.289,619.904,0.493,4720.317,618.038,0.428,4720.261,622.238,0.426,4.200,26.862,5.779,394,2,>
723.000,39,4720.288,619.635,0.493,4720.320,617.770,0.428,4720.254,621.969,0.426,4.200,26.870,5.662,394,2,>
723.010,39,4720.288,619.366,0.494,4720.325,617.501,0.429,4720.249,621.700,0.426,4.200,26.878,5.940,394,2,>
723.020,39,4720.288,619.097,0.494,4720.329,617.232,0.429,4720.244,621.431,0.426,4.200,26.886,6.177,394,2,>
723.030,39,4720.289,618.828,0.494,4720.335,616.964,0.429,4720.239,621.162,0.426,4.200,26.894,6.056,394,2,>
723.040,39,4720.291,618.559,0.495,4720.341,616.695,0.430,4720.235,620.893,0.427,4.200,26.901,5.935,394,2,>
723.050,39,4720.293,618.290,0.495,4720.348,616.426,0.430,4720.232,620.624,0.427,4.200,26.908,6.074,394,2,>
723.060,39,4720.296,618.021,0.495,4720.355,616.157,0.431,4720.230,620.355,0.427,4.200,26.915,6.055,394,2,>
723.070,39,4720.300,617.752,0.496,4720.363,615.888,0.431,4720.227,620.086,0.428,4.200,26.921,5.836,394,2,>
723.080,39,4720.304,617.483,0.496,4720.371,615.619,0.431,4720.226,619.816,0.429,4.200,26.926,5.865,394,2,>
723.090,39,4720.308,617.214,0.497,4720.380,615.350,0.432,4720.225,619.547,0.429,4.200,26.931,6.025,394,2,>
723.100,39,4720.314,616.944,0.497,4720.390,615.081,0.432,4720.225,619.277,0.430,4.200,26.936,5.854,394,2,>
723.110,39,4720.319,616.675,0.497,4720.401,614.811,0.432,4720.225,619.008,0.430,4.200,26.939,5.723,394,2,>
723.120,39,4720.326,616.406,0.497,4720.412,614.542,0.432,4720.225,618.738,0.431,4.200,26.941,5.747,394,2,>
723.130,39,4720.333,616.136,0.498,4720.423,614.273,0.432,4720.226,618.469,0.431,4.200,26.944,5.919,394,2,>
723.140,39,4720.340,615.867,0.498,4720.436,614.004,0.432,4720.228,618.199,0.431,4.200,26.946,5.749,394,2,>
723.150,39,4720.348,615.598,0.498,4720.449,613.735,0.432,4720.230,617.929,0.431,4.200,26.947,5.800,394,2,>
723.160,39,4720.357,615.328,0.498,4720.463,613.466,0.432,4720.232,617.660,0.431,4.200,26.948,6.010,394,2,>
723.170,39,4720.366,615.059,0.498,4720.477,613.197,0.432,4720.235,617.390,0.431,4.200,26.949,6.160,394,2,>
723.180,39,4720.376,614.790,0.497,4720.492,612.928,0.432,4720.238,617.120,0.431,4.200,26.950,6.130,394,2,>
723.190,39,4720.387,614.520,0.497,4720.508,612.659,0.432,4720.242,616.851,0.430,4.200,26.951,6.185,394,2,>
723.200,39,4720.398,614.251,0.497,4720.524,612.390,0.432,4720.247,616.581,0.430,4.200,26.953,6.678,394,2,>
723.210,39,4720.410,613.982,0.497,4720.542,612.121,0.432,4720.252,616.311,0.429,4.200,26.955,6.709,394,2,>
723.220,39,4720.422,613.713,0.497,4720.559,611.852,0.432,4720.258,616.041,0.428,4.200,26.957,6.600,394,2,>
723.230,39,4720.435,613.443,0.496,4720.578,611.583,0.433,4720.264,615.772,0.428,4.200,26.960,6.714,394,2,>
723.240,39,4720.449,613.174,0.496,4720.597,611.315,0.433,4720.271,615.502,0.427,4.200,26.964,7.121,394,2,>
723.250,39,4720.463,612.905,0.496,4720.617,611.046,0.433,4720.279,615.232,0.426,4.200,26.968,7.089,394,2,>
723.260,39,4720.479,612.636,0.496,4720.638,610.777,0.433,4720.287,614.962,0.426,4.200,26.973,6.859,394,2,>
723.270,39,4720.495,612.366,0.496,4720.659,610.508,0.433,4720.297,614.692,0.426,4.200,26.978,7.016,394,2,>
723.280,39,4720.511,612.097,0.496,4720.681,610.239,0.434,4720.307,614.422,0.425,4.200,26.984,7.327,394,2,>
723.290,39,4720.528,611.828,0.496,4720.703,609.970,0.434,4720.318,614.153,0.425,4.200,26.990,7.258,394,2,>
723.300,39,4720.546,611.558,0.496,4720.726,609.702,0.434,4720.329,613.883,0.425,4.200,26.996,6.930,394,1,>
723.310,39,4720.565,611.289,0.496,4720.750,609.433,0.435,4720.342,613.613,0.425,4.200,27.002,7.165,394,1,>
723.320,39,4720.585,611.020,0.497,4720.775,609.164,0.435,4720.355,613.343,0.426,4.200,27.009,7.396,394,1,>
723.330,39,4720.605,610.750,0.497,4720.800,608.895,0.435,4720.368,613.073,0.426,4.200,27.015,7.140,394,1,>
723.340,39,4720.626,610.481,0.497,4720.826,608.626,0.436,4720.383,612.803,0.426,4.200,27.021,6.958,394,1,>
723.350,39,4720.647,610.212,0.498,4720.853,608.357,0.436,4720.398,612.533,0.427,4.200,27.026,7.192,394,1,>
723.360,39,4720.670,609.942,0.498,4720.880,608.089,0.436,4720.414,612.263,0.427,4.200,27.031,7.255,394,1,>
723.370,39,4720.693,609.673,0.499,4720.908,607.820,0.437,4720.430,611.993,0.428,4.200,27.035,6.959,394,1,>
723.380,39,4720.716,609.404,0.499,4720.937,607.551,0.437,4720.447,611.722,0.428,4.200,27.038,6.837,394,1,>
723.390,39,4720.741,609.134,0.499,4720.967,607.283,0.437,4720.465,611.452,0.429,4.200,27.039,7.038,394,1,>
723.400,39,4720.766,608.865,0.499,4720.998,607.014,0.437,4720.483,611.182,0.429,4.200,27.040,7.094,394,1,>
723.410,39,4720.792,608.596,0.500,4721.029,606.745,0.437,4720.502,610.912,0.429,4.200,27.041,6.832,394,1,>
723.420,39,4720.818,608.327,0.500,4721.061,606.477,0.437,4720.522,610.642,0.430,4.200,27.041,6.858,394,1,>
723.430,39,4720.845,608.058,0.500,4721.094,606.209,0.437,4720.542,610.372,0.430,4.200,27.042,7.127,394,1,>
723.440,39,4720.873,607.789,0.499,4721.127,605.941,0.437,4720.563,610.102,0.429,4.200,27.043,7.071,394,1,>
723.450,39,4720.902,607.520,0.499,4721.162,605.672,0.437,4720.584,609.833,0.429,4.200,27.045,6.920,394,1,>
723.460,39,4720.931,607.251,0.499,4721.197,605.404,0.437,4720.606,609.563,0.429,4.200,27.046,7.157,394,1,>
723.470,39,4720.961,606.982,0.499,4721.232,605.136,0.436,4720.629,609.293,0.429,4.200,27.048,7.435,394,1,>
723.480,39,4720.992,606.713,0.498,4721.269,604.869,0.436,4720.652,609.023,0.428,4.200,27.051,7.312,394,1,>
723.490,39,4721.023,606.445,0.498,4721.306,604.601,0.436,4720.677,608.753,0.428,4.200,27.054,7.255,394,1,>
723.500,39,4721.055,606.176,0.498,4721.344,604.333,0.436,4720.702,608.484,0.428,4.200,27.057,7.629,394,1,>
723.510,39,4721.088,605.907,0.498,4721.383,604.065,0.435,4720.727,608.214,0.427,4.200,27.060,7.852,394,1,>
723.520,39,4721.122,605.639,0.497,4721.422,603.798,0.435,4720.754,607.944,0.427,4.200,27.064,7.628,394,1,>
723.530,39,4721.156,605.371,0.497,4721.463,603.530,0.435,4720.781,607.675,0.427,4.200,27.068,7.632,394,1,>
723.540,39,4721.191,605.102,0.497,4721.503,603.263,0.435,4720.809,607.405,0.427,4.200,27.072,8.058,394,1,>
723.550,39,4721.227,604.834,0.497,4721.545,602.995,0.435,4720.838,607.136,0.427,4.200,27.077,8.154,394,1,>
723.560,39,4721.264,604.566,0.497,4721.588,602.728,0.435,4720.868,606.866,0.427,4.200,27.082,7.788,394,1,>
723.570,39,4721.302,604.297,0.497,4721.631,602.461,0.435,4720.899,606.597,0.427,4.200,27.087,7.770,394,1,>
723.580,39,4721.340,604.029,0.498,4721.675,602.194,0.435,4720.930,606.327,0.428,4.200,27.092,8.112,394,1,>
723.590,39,4721.379,603.761,0.498,4721.719,601.927,0.436,4720.962,606.058,0.428,4.200,27.098,8.016,394,1,>
723.600,39,4721.419,603.493,0.499,4721.765,601.660,0.436,4720.995,605.789,0.429,4.200,27.103,7.587,394,1,>
723.610,39,4721.460,603.225,0.499,4721.811,601.393,0.437,4721.029,605.519,0.429,4.200,27.108,7.539,394,1,>
723.620,39,4721.501,602.957,0.499,4721.858,601.126,0.437,4721.063,605.250,0.429,4.200,27.113,7.763,394,1,>
723.630,39,4721.544,602.689,0.500,4721.906,600.859,0.438,4721.098,604.981,0.430,4.200,27.119,7.557,394,1,>
723.640,39,4721.587,602.421,0.500,4721.954,600.592,0.438,4721.134,604.712,0.430,4.200,27.124,7.115,394,1,>
723.650,39,4721.630,602.154,0.501,4722.004,600.326,0.439,4721.171,604.443,0.430,4.200,27.129,7.143,394,1,>
723.660,39,4721.675,601.886,0.501,4722.054,600.059,0.439,4721.208,604.173,0.430,4.200,27.135,7.343,394,1,>
723.670,39,4721.720,601.618,0.501,4722.104,599.793,0.439,4721.246,603.904,0.430,4.200,27.142,7.099,394,1,>
723.680,39,4721.766,601.351,0.501,4722.156,599.527,0.440,4721.285,603.635,0.430,4.200,27.148,6.857,394,1,>
723.690,39,4721.812,601.083,0.501,4722.208,599.260,0.440,4721.325,603.366,0.429,4.200,27.154,7.034,394,1,>
723.700,39,4721.859,600.816,0.501,4722.261,598.994,0.440,4721.365,603.097,0.429,4.200,27.162,7.194,394,1,>
723.710,39,4721.907,600.548,0.501,4722.314,598.728,0.440,4721.406,602.828,0.428,4.200,27.171,6.977,394,1,>
723.720,39,4721.956,600.281,0.500,4722.368,598.462,0.440,4721.448,602.560,0.427,4.200,27.181,6.912,394,1,>
723.730,39,4722.005,600.014,0.500,4722.422,598.195,0.440,4721.491,602.291,0.426,4.200,27.192,7.230,394,1,>
723.740,39,4722.055,599.746,0.499,4722.478,597.929,0.440,4721.534,602.022,0.425,4.200,27.204,7.440,394,1,>
723.750,39,4722.106,599.479,0.499,4722.533,597.663,0.440,4721.579,601.753,0.424,4.200,27.216,7.281,394,1,>
723.760,39,4722.157,599.212,0.498,4722.590,597.397,0.440,4721.624,601.484,0.423,4.200,27.229,7.494,394,1,>
723.770,39,4722.210,598.944,0.498,4722.646,597.131,0.440,4721.671,601.216,0.422,4.200,27.244,8.025,394,1,>
723.780,39,4722.263,598.677,0.497,4722.704,596.864,0.440,4721.718,600.947,0.422,4.200,27.259,7.989,394,1,>
723.790,39,4722.317,598.410,0.497,4722.762,596.598,0.439,4721.767,600.679,0.421,4.200,27.275,7.660,394,1,>
723.800,39,4722.371,598.143,0.497,4722.821,596.332,0.439,4721.817,600.410,0.421,4.200,27.291,7.875,394,1,>
723.810,39,4722.426,597.875,0.497,4722.880,596.065,0.439,4721.867,600.142,0.421,4.200,27.308,8.168,394,1,>
723.820,39,4722.483,597.608,0.497,4722.939,595.799,0.439,4721.919,599.873,0.422,4.200,27.327,7.790,394,1,>
723.830,39,4722.540,597.341,0.497,4723.000,595.533,0.439,4721.972,599.605,0.422,4.200,27.345,7.350,394,1,>
723.840,39,4722.597,597.073,0.497,4723.061,595.266,0.439,4722.025,599.336,0.423,4.200,27.363,7.549,394,1,>
723.850,39,4722.656,596.806,0.498,4723.122,594.999,0.439,4722.080,599.068,0.424,4.200,27.383,7.656,394,1,>
723.860,39,4722.715,596.538,0.498,4723.184,594.733,0.439,4722.135,598.800,0.425,4.200,27.403,7.124,394,1,>
723.870,39,4722.775,596.271,0.499,4723.247,594.466,0.439,4722.191,598.531,0.425,4.200,27.421,6.748,394,1,>
723.880,39,4722.835,596.003,0.499,4723.310,594.199,0.439,4722.248,598.263,0.426,4.200,27.440,6.963,394,1,>
723.890,39,4722.896,595.736,0.499,4723.374,593.932,0.439,4722.306,597.994,0.427,4.200,27.460,6.959,394,1,>
723.900,39,4722.958,595.468,0.500,4723.439,593.665,0.439,4722.365,597.726,0.428,4.200,27.479,6.386,394,1,>
723.910,39,4723.021,595.200,0.500,4723.504,593.398,0.439,4722.424,597.457,0.428,4.200,27.496,6.108,394,1,>
723.920,39,4723.084,594.933,0.500,4723.569,593.131,0.440,4722.484,597.189,0.429,4.200,27.514,6.254,394,1,>
723.930,39,4723.148,594.665,0.501,4723.636,592.864,0.440,4722.544,596.920,0.429,4.200,27.532,6.117,394,1,>
723.940,39,4723.212,594.397,0.501,4723.702,592.597,0.440,4722.605,596.651,0.429,4.200,27.550,5.638,394,1,>
723.950,39,4723.277,594.129,0.501,4723.770,592.330,0.440,4722.667,596.383,0.429,4.200,27.566,5.487,394,1,>
723.960,39,4723.343,593.861,0.501,4723.838,592.063,0.440,4722.730,596.114,0.428,4.200,27.583,5.573,394,1,>
723.970,39,4723.409,593.593,0.500,4723.906,591.795,0.440,4722.793,595.845,0.428,4.200,27.600,5.319,394,1,>
723.980,39,4723.475,593.326,0.500,4723.974,591.528,0.440,4722.857,595.577,0.427,4.200,27.617,4.907,394,1,>
723.990,39,4723.542,593.058,0.500,4724.043,591.261,0.440,4722.922,595.308,0.427,4.200,27.633,4.835,394,1,>
724.000,39,4723.610,592.790,0.499,4724.112,590.993,0.439,4722.987,595.039,0.426,4.200,27.652,4.918,394,1,-
724.010,39,4723.678,592.521,0.499,4724.182,590.725,0.439,4723.053,594.771,0.425,4.200,27.671,4.634,394,1,-
724.020,39,4723.746,592.253,0.498,4724.252,590.458,0.438,4723.120,594.502,0.424,4.200,27.688,4.394,394,1,-
724.030,39,4723.815,591.985,0.497,4724.322,590.190,0.438,4723.187,594.233,0.423,4.200,27.705,4.593,394,1,-
724.040,39,4723.884,591.717,0.497,4724.392,589.922,0.437,4723.255,593.964,0.422,4.200,27.724,4.700,394,1,-
724.050,39,4723.954,591.448,0.496,4724.463,589.653,0.437,4723.323,593.696,0.421,4.200,27.743,4.265,394,1,-
724.060,39,4724.024,591.180,0.495,4724.534,589.385,0.436,4723.392,593.427,0.421,4.200,27.761,4.046,394,1,-
724.070,39,4724.095,590.911,0.495,4724.605,589.117,0.436,4723.462,593.158,0.420,4.200,27.779,4.328,394,1,-
724.080,39,4724.166,590.642,0.494,4724.677,588.848,0.435,4723.532,592.889,0.419,4.200,27.798,4.287,394,1,-
724.090,39,4724.237,590.374,0.494,4724.749,588.580,0.435,4723.603,592.620,0.419,4.200,27.816,3.742,394,1,-
724.100,39,4724.309,590.105,0.494,4724.821,588.311,0.434,4723.674,592.351,0.418,4.200,27.833,3.608,394,1,-
724.110,39,4724.381,589.836,0.493,4724.893,588.042,0.434,4723.746,592.082,0.418,4.200,27.850,3.793,394,1,-
724.120,39,4724.454,589.567,0.493,4724.966,587.773,0.434,4723.818,591.813,0.418,4.200,27.868,3.403,394,1,-
724.130,39,4724.527,589.298,0.493,4725.039,587.504,0.433,4723.891,591.544,0.418,4.200,27.884,2.835,394,1,-
724.140,39,4724.600,589.029,0.493,4725.111,587.235,0.433,4723.964,591.275,0.418,4.200,27.900,2.731,394,1,-
724.150,39,4724.673,588.759,0.492,4725.185,586.965,0.433,4724.037,591.005,0.418,4.200,27.916,2.775,394,1,-
724.160,39,4724.746,588.490,0.492,4725.258,586.696,0.432,4724.111,590.736,0.418,4.200,27.932,2.335,394,1,-
724.170,39,4724.820,588.221,0.492,4725.331,586.426,0.432,4724.185,590.467,0.417,4.200,27.945,2.036,394,1,-
724.180,39,4724.894,587.951,0.492,4725.405,586.157,0.432,4724.259,590.197,0.417,4.200,27.958,1.985,394,1,-
724.190,39,4724.968,587.681,0.491,4725.479,585.887,0.431,4724.333,589.928,0.417,4.200,27.973,1.988,394,1,-
724.200,39,4725.043,587.412,0.491,4725.552,585.617,0.431,4724.408,589.658,0.417,4.200,27.987,1.852,394,1,-
724.210,39,4725.117,587.142,0.491,4725.626,585.347,0.430,4724.483,589.388,0.416,4.200,28.000,1.848,394,1,-
724.220,39,4725.192,586.872,0.490,4725.700,585.077,0.429,4724.558,589.119,0.415,4.200,28.013,1.680,394,1,-
724.230,39,4725.266,586.602,0.489,4725.774,584.806,0.429,4724.634,588.849,0.415,4.200,28.028,1.598,394,1,-
724.240,39,4725.341,586.331,0.489,4725.847,584.536,0.428,4724.709,588.579,0.414,4.200,28.043,1.498,394,1,-
724.250,39,4725.415,586.061,0.488,4725.921,584.265,0.427,4724.785,588.309,0.413,4.200,28.056,1.592,394,1,-
724.260,39,4725.490,585.791,0.487,4725.995,583.995,0.426,4724.861,588.039,0.412,4.200,28.071,1.705,394,1,-
724.270,39,4725.565,585.520,0.486,4726.068,583.724,0.425,4724.937,587.768,0.411,4.200,28.088,1.726,394,1,-
724.280,39,4725.640,585.249,0.485,4726.142,583.452,0.424,4725.013,587.498,0.410,4.200,28.103,1.581,394,1,-
724.290,39,4725.714,584.978,0.484,4726.215,583.181,0.423,4725.089,587.227,0.409,4.200,28.118,1.675,394,1,-
724.300,39,4725.789,584.707,0.483,4726.288,582.909,0.423,4725.166,586.957,0.407,4.200,28.135,2.027,394,1,-
724.310,39,4725.864,584.436,0.482,4726.362,582.638,0.422,4725.242,586.686,0.406,4.200,28.152,2.015,394,1,-
724.320,39,4725.938,584.164,0.482,4726.435,582.366,0.421,4725.319,586.415,0.405,4.200,28.168,1.828,394,1,-
724.330,39,4726.013,583.892,0.481,4726.508,582.093,0.420,4725.395,586.143,0.405,4.200,28.184,2.046,394,1,-
724.340,39,4726.087,583.620,0.480,4726.580,581.821,0.419,4725.471,585.872,0.404,4.200,28.202,2.341,394,1,-
724.350,39,4726.162,583.348,0.479,4726.653,581.549,0.418,4725.548,585.601,0.403,4.200,28.220,2.187,394,1,-
724.360,39,4726.236,583.076,0.479,4726.726,581.276,0.418,4725.624,585.329,0.402,4.200,28.235,2.072,394,1,-
724.370,39,4726.310,582.803,0.478,4726.798,581.003,0.417,4725.701,585.057,0.402,4.200,28.251,2.368,394,1,-
724.380,39,4726.385,582.531,0.478,4726.871,580.730,0.417,4725.777,584.785,0.402,4.200,28.268,2.512,394,1,-
724.390,39,4726.459,582.258,0.478,4726.943,580.456,0.416,4725.853,584.512,0.401,4.200,28.285,2.228,394,1,-
724.400,39,4726.533,581.985,0.477,4727.015,580.183,0.416,4725.929,584.240,0.401,4.200,28.300,2.178,394,1,-
724.410,39,4726.607,581.712,0.477,4727.087,579.909,0.415,4726.005,583.967,0.401,4.200,28.315,2.427,394,1,-
724.420,39,4726.680,581.438,0.477,4727.159,579.635,0.415,4726.081,583.694,0.401,4.200,28.332,2.493,394,1,-
724.430,39,4726.754,581.164,0.477,4727.231,579.361,0.415,4726.157,583.421,0.401,4.200,28.347,2.356,394,1,-
724.440,39,4726.827,580.891,0.477,4727.303,579.087,0.414,4726.233,583.148,0.401,4.200,28.361,2.448,394,1,-
724.450,39,4726.901,580.617,0.477,4727.374,578.812,0.414,4726.308,582.874,0.402,4.200,28.376,2.693,394,1,-
724.460,39,4726.974,580.342,0.477,4727.445,578.537,0.414,4726.384,582.601,0.402,4.200,28.392,2.687,394,1,-
724.470,39,4727.047,580.068,0.477,4727.516,578.262,0.414,4726.459,582.327,0.402,4.200,28.407,2.651,394,1,-
724.480,39,4727.120,579.793,0.477,4727.587,577.987,0.413,4726.534,582.053,0.402,4.200,28.421,2.789,394,1,-
724.490,39,4727.192,579.518,0.476,4727.658,577.712,0.413,4726.609,581.779,0.402,4.200,28.437,3.016,394,1,-
724.500,39,4727.265,579.243,0.476,4727.728,577.436,0.413,4726.684,581.504,0.402,4.200,28.454,3.016,394,1,-
724.510,39,4727.337,578.968,0.476,4727.799,577.160,0.412,4726.759,581.230,0.402,4.200,28.470,2.990,394,1,-
724.520,39,4727.409,578.692,0.476,4727.868,576.884,0.412,4726.834,580.955,0.403,4.200,28.486,3.147,394,1,-
724.530,39,4727.481,578.417,0.476,4727.938,576.608,0.412,4726.908,580.680,0.403,4.200,28.503,3.300,394,1,-
724.540,39,4727.552,578.141,0.476,4728.008,576.332,0.411,4726.982,580.405,0.403,4.200,28.521,3.176,394,1,-
724.550,39,4727.624,577.864,0.476,4728.077,576.055,0.411,4727.056,580.129,0.403,4.200,28.538,3.130,394,1,-
724.560,39,4727.695,577.588,0.476,4728.146,575.778,0.411,4727.130,579.853,0.403,4.200,28.555,3.285,394,1,-
724.570,39,4727.766,577.311,0.476,4728.215,575.501,0.411,4727.204,579.577,0.403,4.200,28.574,3.384,394,1,-
724.580,39,4727.837,577.034,0.476,4728.284,575.223,0.411,4727.277,579.301,0.403,4.200,28.592,3.212,394,1,-
724.590,39,4727.907,576.757,0.476,4728.352,574.946,0.411,4727.350,579.024,0.403,4.200,28.609,3.145,394,1,-
724.600,39,4727.977,576.480,0.475,4728.420,574.668,0.411,4727.423,578.747,0.403,4.200,28.626,3.238,394,1,-
724.610,39,4728.047,576.202,0.475,4728.488,574.389,0.411,4727.495,578.470,0.403,4.200,28.645,3.190,394,1,-
724.620,39,4728.117,575.924,0.476,4728.556,574.111,0.411,4727.568,578.193,0.403,4.200,28.663,3.029,394,1,-
724.630,39,4728.187,575.646,0.476,4728.624,573.833,0.411,4727.640,577.916,0.403,4.200,28.679,3.045,394,1,-
724.640,39,4728.256,575.368,0.476,4728.691,573.554,0.411,4727.712,577.638,0.403,4.200,28.696,3.169,394,1,-
724.650,39,4728.326,575.089,0.476,4728.759,573.275,0.411,4727.783,577.360,0.403,4.200,28.715,3.097,394,1,-
724.660,39,4728.395,574.810,0.476,4728.826,572.996,0.411,4727.855,577.082,0.403,4.200,28.731,2.969,394,1,-
724.670,39,4728.464,574.531,0.476,4728.893,572.716,0.411,4727.926,576.803,0.403,4.200,28.747,3.003,394,1,-
724.680,39,4728.532,574.252,0.476,4728.960,572.437,0.411,4727.997,576.524,0.402,4.200,28.764,3.070,394,1,-
724.690,39,4728.601,573.973,0.476,4729.027,572.156,0.412,4728.067,576.245,0.402,4.200,28.782,2.986,394,1,-
724.700,39,4728.669,573.693,0.476,4729.093,571.876,0.412,4728.138,575.966,0.402,4.200,28.797,2.950,394,1,-
724.710,39,4728.737,573.413,0.476,4729.159,571.596,0.412,4728.208,575.687,0.402,4.200,28.813,3.051,394,1,-
724.720,39,4728.805,573.133,0.476,4729.226,571.316,0.412,4728.278,575.407,0.402,4.200,28.830,3.120,394,1,-
724.730,39,4728.872,572.852,0.476,4729.292,571.035,0.412,4728.347,575.127,0.402,4.200,28.848,2.986,394,1,-
724.740,39,4728.940,572.572,0.476,4729.358,570.754,0.412,4728.416,574.847,0.402,4.200,28.863,2.943,394,1,-
724.750,39,4729.007,572.291,0.476,4729.423,570.472,0.412,4728.486,574.567,0.402,4.200,28.880,3.028,394,1,-
724.760,39,4729.074,572.010,0.476,4729.489,570.192,0.412,4728.554,574.286,0.401,4.200,28.897,3.048,394,1,-
724.770,39,4729.141,571.729,0.476,4729.554,569.909,0.412,4728.623,574.005,0.401,4.200,28.915,2.927,394,1,-
724.780,39,4729.207,571.448,0.476,4729.619,569.628,0.412,4728.691,573.724,0.401,4.200,28.931,2.928,394,1,-
724.790,39,4729.274,571.165,0.476,4729.684,569.346,0.412,4728.759,573.443,0.401,4.200,28.948,3.061,394,1,-
724.800,39,4729.340,570.884,0.475,4729.749,569.064,0.412,4728.827,573.161,0.401,4.200,28.967,3.006,394,1,-
724.810,39,4729.406,570.602,0.475,4729.814,568.782,0.412,4728.895,572.880,0.401,4.200,28.984,2.816,394,1,-
724.820,39,4729.472,570.319,0.475,4729.879,568.499,0.412,4728.962,572.598,0.402,4.200,29.001,2.814,394,1,-
724.830,39,4729.537,570.037,0.475,4729.943,568.216,0.412,4729.029,572.316,0.402,4.200,29.019,2.922,394,1,-
724.840,39,4729.603,569.754,0.475,4730.008,567.933,0.411,4729.096,572.033,0.402,4.200,29.038,2.852,394,1,-
724.850,39,4729.668,569.471,0.476,4730.072,567.650,0.411,4729.163,571.750,0.402,4.200,29.055,2.711,394,1,-
724.860,39,4729.733,569.188,0.476,4730.136,567.366,0.411,4729.229,571.467,0.402,4.200,29.073,2.751,394,1,-
724.870,39,4729.798,568.905,0.476,4730.200,567.082,0.411,4729.296,571.184,0.403,4.200,29.091,2.820,394,1,-
724.880,39,4729.863,568.621,0.476,4730.264,566.798,0.411,4729.362,570.900,0.403,4.200,29.111,2.660,394,1,-
724.890,39,4729.928,568.337,0.476,4730.328,566.514,0.411,4729.428,570.617,0.403,4.200,29.128,2.544,394,1,-
724.900,39,4729.992,568.052,0.476,4730.391,566.230,0.411,4729.493,570.333,0.403,4.200,29.146,2.606,394,1,-
